0.0	0.0	0.0	0.0	0.0	0.0	0.0	0.0	0.0	0.0	0.0	0.0	1.8252978677848624e-21	4.1568763720275164e-20	2.78946505134124e-21	-0.47139143828921826
0.0	0.0	0.0	0.0	0.0	0.0	0.0	0.0	0.0	0.0	0.0	0.0	1.302339125468612e-5	0.4714045206111307	3.7937231382872703e-20	7.298240536624179e-21
0.0	0.0	0.0	0.0	0.0	0.0	0.0	0.0	0.0	0.0	0.0	0.0	9.82663569808193e-21	-4.8625387275668424e-21	-0.4714176029297835	-2.7682343706883807e-24
0.0	0.0	0.0	0.0	0.0	0.0	0.0	0.0	0.0	0.0	0.0	0.0	-2.03066322178277e-27	-2.0317750073114846e-27	-2.9321911684767753e-31	-3.7475341956681336e-21
0.0	0.0	0.0	0.0	0.0	0.0	0.0	0.0	0.0	0.0	0.0	0.0	-3.713065698265403e-21	1.776686552386793e-25	2.0670576811440417e-27	-0.47282912169985825
0.0	0.0	0.0	0.0	0.0	0.0	0.0	0.0	0.0	0.0	0.0	0.0	-0.4685024303444848	0.4728290611922422	3.74717778293246e-21	-1.290343277194365e-16
0.0	0.0	0.0	0.0	0.0	0.0	0.0	0.0	0.0	0.0	0.0	0.0	-4.2532464208205186e-16	-4.2922900881490073e-16	1.3517652192543368e-21	0.472842164419897
0.0	0.0	0.0	0.0	0.0	0.0	0.0	0.0	0.0	0.0	0.0	0.0	0.4685024502591034	-1.3022330495047259e-5	4.292759874704301e-16	-3.747356224345004e-21
0.0	0.0	0.0	0.0	0.0	0.0	0.0	0.0	0.0	0.0	0.0	0.0	-3.7130655947903075e-21	3.747355863990376e-21	-0.472815998743484	3.842067614600718e-26
0.0	0.0	0.0	0.0	0.0	0.0	0.0	0.0	0.0	0.0	0.0	0.0	0.46850247053580807	0.47282910233313213	-6.394783340168386e-17	4.292662303947439e-16
0.0	0.0	0.0	0.0	0.0	0.0	0.0	0.0	0.0	0.0	0.0	0.0	4.2532462351949497e-16	-1.3585514721076185e-20	-0.472829041825392	2.1139816159547678e-27
0.0	0.0	0.0	0.0	0.0	0.0	0.0	0.0	0.0	0.0	0.0	0.0	2.094593534971372e-27	-2.114022590644343e-27	-4.2923878311224143e-16	6.213285231792598e-35
0.0	0.0	0.0	0.0	0.0	0.0	0.0	0.0	0.0	0.0	0.0	0.0	0.3374000124977498	-0.16258242390065245	-7.288862036361183e-12	-3.765300305663048e-18
0.0	0.0	0.0	0.0	0.0	0.0	0.0	0.0	0.0	0.0	0.0	0.0	8.501403260755581e-18	6.624517148255248e-19	0.16258011143312776	-7.289377068710438e-28
0.0	0.0	0.0	0.0	0.0	0.0	0.0	0.0	0.0	0.0	0.0	0.0	1.5127398975947541e-27	7.289453736567888e-28	4.4277553879055646e-18	-1.8668062519607211e-34
0.0	0.0	0.0	0.0	0.0	0.0	0.0	0.0	0.0	0.0	0.0	0.0	-8.501540208582961e-18	-2.7152750277672308e-17	-6.097172322041098e-18	-0.16258195284084623
0.0	0.0	0.0	0.0	0.0	0.0	0.0	0.0	0.0	0.0	0.0	0.0	0.33740004040112503	-1.599106840003518e-6	-3.5345956574076045e-17	-9.15054985306855e-22
0.0	0.0	0.0	0.0	0.0	0.0	0.0	0.0	0.0	0.0	0.0	0.0	1.899008568528031e-21	9.150755952489092e-22	0.16258052616811083	-1.4683433584226537e-24
0.0	0.0	0.0	0.0	0.0	0.0	0.0	0.0	0.0	0.0	0.0	0.0	-1.4312219765635683e-27	4.022829948648751e-27	-6.147955181982157e-29	-9.150716174892658e-22
0.0	0.0	0.0	0.0	0.0	0.0	0.0	0.0	0.0	0.0	0.0	0.0	1.8990083268223445e-21	-1.3176943781468496e-26	2.6435078223002444e-27	0.16258236758345856
0.0	0.0	0.0	0.0	0.0	0.0	0.0	0.0	0.0	0.0	0.0	0.0	-0.3374000683060727	-0.1625800551028932	9.15059450664075e-22	1.1589486782560966e-14
0.0	0.0	0.0	0.0	0.0	0.0	0.0	0.0	0.0	0.0	0.0	0.0	2.0071847837866023e-12	-8.903970028838945e-7	0.4082482904557493	-2.633382342807227e-13
0.0	0.0	0.0	0.0	0.0	0.0	0.0	0.0	0.0	0.0	0.0	0.0	2.6614276769452073e-18	-5.266741767057165e-13	-8.903955203639783e-7	-4.424026084048517e-28
0.0	0.0	0.0	0.0	0.0	0.0	0.0	0.0	0.0	0.0	0.0	0.0	-1.486718463299922e-28	-5.837924718037345e-28	-2.633359316984744e-13	6.643327482570473e-31
0.0	0.0	0.0	0.0	0.0	0.0	0.0	0.0	0.0	0.0	0.0	0.0	-1.3022918427397787e-6	-0.28867443384451946	-1.2592104689846068e-6	2.998706381992269e-12
0.0	0.0	0.0	0.0	0.0	0.0	0.0	0.0	0.0	0.0	0.0	0.0	-9.429124448314665e-18	5.9974068026352675e-12	-0.2886758353289974	1.1431726444831653e-27
0.0	0.0	0.0	0.0	0.0	0.0	0.0	0.0	0.0	0.0	0.0	0.0	-6.307125454698131e-27	-4.8548642821443435e-27	2.998700220342731e-12	6.98828871340696e-30
0.0	0.0	0.0	0.0	0.0	0.0	0.0	0.0	0.0	0.0	0.0	0.0	-2.2760407899265026e-17	-5.193892898283691e-12	-6.450641483311284e-13	-0.16666585752320706
0.0	0.0	0.0	0.0	0.0	0.0	0.0	0.0	0.0	0.0	0.0	0.0	-1.5037408419306132e-6	-0.3333333333245062	-5.193917468016672e-12	-8.620510253593331e-21
0.0	0.0	0.0	0.0	0.0	0.0	0.0	0.0	0.0	0.0	0.0	0.0	-3.460674296211874e-26	-8.620548182963455e-21	-0.16666747580196045	2.5680364800059487e-24
0.0	0.0	0.0	0.0	0.0	0.0	0.0	0.0	0.0	0.0	0.0	0.0	1.828642181789471e-27	4.053449799415205e-22	4.395027569635393e-23	4.9770305379869145e-21
0.0	0.0	0.0	0.0	0.0	0.0	0.0	0.0	0.0	0.0	0.0	0.0	6.654007296777495e-26	9.954130032754705e-21	4.053469478765076e-22	-0.2886744338425611
0.0	0.0	0.0	0.0	0.0	0.0	0.0	0.0	0.0	0.0	0.0	0.0	-1.3022998076506723e-6	-0.2886758353337018	4.977099612755425e-21	9.299849576641143e-9
0.0	0.0	0.0	0.0	0.0	0.0	0.0	0.0	0.0	0.0	0.0	0.0	-1.4695669422053668e-30	-3.257531629115164e-25	-3.5319922283399896e-26	-1.0482707815054942e-24
0.0	0.0	0.0	0.0	0.0	0.0	0.0	0.0	0.0	0.0	0.0	0.0	-2.497563401582342e-29	-2.0965663866405903e-24	-3.257547444206903e-25	-6.575965946577043e-9
0.0	0.0	0.0	0.0	0.0	0.0	0.0	0.0	0.0	0.0	0.0	0.0	-3.907134716877281e-14	-6.5760074524224004e-9	-1.0482956999751849e-24	-0.4082482904576912
0.0	0.0	0.0	0.0	0.0	0.0	0.0	0.0	0.0	0.0	0.0	0.0	0.0	0.0	0.0	0.0
0.0	0.0	0.0	0.0	0.0	0.0	0.0	0.0	0.0	0.0	0.0	0.0	0.0	0.0	0.0	0.0
0.0	0.0	0.0	0.0	0.0	0.0	0.0	0.0	0.0	0.0	0.0	0.0	0.0	0.0	0.0	0.0
0.0	0.0	0.0	0.0	0.0	0.0	0.0	0.0	0.0	0.0	0.0	0.0	0.0	0.0	0.0	0.0
0.0	0.0	0.0	0.0	0.0	0.0	0.0	0.0	0.0	0.0	0.0	0.0	0.0	0.0	0.0	0.0
0.0	0.0	0.0	0.0	0.0	0.0	0.0	0.0	0.0	0.0	0.0	0.0	0.0	0.0	0.0	0.0
0.0	0.0	0.0	0.0	0.0	0.0	0.0	0.0	0.0	0.0	0.0	0.0	0.0	0.0	0.0	0.0
0.0	0.0	0.0	0.0	0.0	0.0	0.0	0.0	0.0	0.0	0.0	0.0	0.0	0.0	0.0	0.0
0.0	0.0	0.0	0.0	0.0	0.0	0.0	0.0	0.0	0.0	0.0	0.0	0.0	0.0	0.0	0.0
0.0	0.0	0.0	0.0	0.0	0.0	0.0	0.0	0.0	0.0	0.0	0.0	0.0	0.0	0.0	0.0
0.0	0.0	0.0	0.0	0.0	0.0	0.0	0.0	0.0	0.0	0.0	0.0	0.0	0.0	0.0	0.0
0.0	0.0	0.0	0.0	0.0	0.0	0.0	0.0	0.0	0.0	0.0	0.0	0.0	0.0	0.0	0.0
